win,lose,probability
Cleveland Cavaliers,New York Knicks,0.938517996489
Golden State Warriors,San Antonio Spurs,0.605021104124
Portland Trail Blazers,Utah Jazz,0.727799334961
Boston Celtics,Brooklyn Nets,0.904525330169
Indiana Pacers,Dallas Mavericks,0.66143753135
Houston Rockets,Los Angeles Lakers,0.712005282926
Memphis Grizzlies,Minnesota Timberwolves,0.58453251481
Charlotte Hornets,Milwaukee Bucks,0.747572845775
Denver Nuggets,New Orleans Pelicans,0.502567982309
Miami Heat,Orlando Magic,0.601113558452
Oklahoma City Thunder,Philadelphia 76ers,0.950778535638
Sacramento Kings,Phoenix Suns,0.528006285406
Toronto Raptors,Detroit Pistons,0.749222271873
Atlanta Hawks,Washington Wizards,0.652841963883
Chicago Bulls,Boston Celtics,0.55941983197
Portland Trail Blazers,Los Angeles Clippers,0.574357697062
San Antonio Spurs,Sacramento Kings,0.858997800323
Indiana Pacers,Brooklyn Nets,0.81950680121
Dallas Mavericks,Houston Rockets,0.623337942755
Detroit Pistons,Orlando Magic,0.683671360036
Miami Heat,Charlotte Hornets,0.587449446096
Golden State Warriors,New Orleans Pelicans,0.908519896631
Oklahoma City Thunder,Phoenix Suns,0.934995919408
Cleveland Cavaliers,Toronto Raptors,0.534068726116
Utah Jazz,Los Angeles Lakers,0.913303931303
Chicago Bulls,Indiana Pacers,0.571177495483
Charlotte Hornets,Boston Celtics,0.559404968015
Cleveland Cavaliers,Orlando Magic,0.89850440726
Portland Trail Blazers,Denver Nuggets,0.772646181673
Milwaukee Bucks,Brooklyn Nets,0.716017788832
New York Knicks,Memphis Grizzlies,0.607906842469
Atlanta Hawks,Philadelphia 76ers,0.90168332838
Sacramento Kings,Minnesota Timberwolves,0.557104243137
San Antonio Spurs,New Orleans Pelicans,0.929177656296
Detroit Pistons,Milwaukee Bucks,0.710927872821
Houston Rockets,Dallas Mavericks,0.645997653041
Los Angeles Clippers,Utah Jazz,0.757075296375
Washington Wizards,Memphis Grizzlies,0.510607772941
San Antonio Spurs,Miami Heat,0.679145556959
Oklahoma City Thunder,Los Angeles Lakers,0.960856621602
Golden State Warriors,Phoenix Suns,0.930991446474
Atlanta Hawks,Sacramento Kings,0.77541390255
Chicago Bulls,Brooklyn Nets,0.657518574161
Los Angeles Clippers,Phoenix Suns,0.912113963596
Toronto Raptors,Denver Nuggets,0.840734213725
Cleveland Cavaliers,Houston Rockets,0.836656983212
Detroit Pistons,New York Knicks,0.788438213253
Indiana Pacers,Los Angeles Lakers,0.908147755959
Miami Heat,Sacramento Kings,0.819105401925
Memphis Grizzlies,Minnesota Timberwolves,0.528905961946
New Orleans Pelicans,Milwaukee Bucks,0.551099372987
Orlando Magic,Philadelphia 76ers,0.758114872663
Golden State Warriors,Portland Trail Blazers,0.728168753325
San Antonio Spurs,Utah Jazz,0.860807492351
Atlanta Hawks,Los Angeles Lakers,0.92097091773
Boston Celtics,Chicago Bulls,0.778779032654
Detroit Pistons,Brooklyn Nets,0.784078377776
Charlotte Hornets,Philadelphia 76ers,0.942043108499
Oklahoma City Thunder,Los Angeles Clippers,0.56932448376
Memphis Grizzlies,New Orleans Pelicans,0.689164876962
Houston Rockets,New York Knicks,0.521938856751
Portland Trail Blazers,Phoenix Suns,0.802010398745
Utah Jazz,Dallas Mavericks,0.675494220138
Toronto Raptors,Washington Wizards,0.622312603641
Cleveland Cavaliers,Boston Celtics,0.777997045609
Golden State Warriors,Oklahoma City Thunder,0.679119966049
Indiana Pacers,Milwaukee Bucks,0.716251816645
Denver Nuggets,Minnesota Timberwolves,0.545156375236
Orlando Magic,Sacramento Kings,0.639307611074
Charlotte Hornets,Brooklyn Nets,0.841945317866
Chicago Bulls,New York Knicks,0.846879509631
Portland Trail Blazers,Dallas Mavericks,0.529366750492
Golden State Warriors,Los Angeles Lakers,0.938750758478
Los Angeles Clippers,Memphis Grizzlies,0.654691818724
New Orleans Pelicans,Phoenix Suns,0.706024756274
Toronto Raptors,Miami Heat,0.707999454478
San Antonio Spurs,Utah Jazz,0.754352224079
Atlanta Hawks,Washington Wizards,0.568371029247
Atlanta Hawks,Houston Rockets,0.639620192255
Detroit Pistons,Denver Nuggets,0.664744343829
Indiana Pacers,Chicago Bulls,0.718776904572
Milwaukee Bucks,Sacramento Kings,0.517781936722
Oklahoma City Thunder,Minnesota Timberwolves,0.853257479776
Washington Wizards,Orlando Magic,0.508804738346
Cleveland Cavaliers,Philadelphia 76ers,0.953856012818
San Antonio Spurs,Los Angeles Clippers,0.757345359726
Boston Celtics,Denver Nuggets,0.766823295919
Dallas Mavericks,Milwaukee Bucks,0.764964699346
Los Angeles Lakers,Phoenix Suns,0.608795384221
Portland Trail Blazers,Memphis Grizzlies,0.672963468202
New York Knicks,Utah Jazz,0.514138741334
Toronto Raptors,Sacramento Kings,0.866244650757
Chicago Bulls,Orlando Magic,0.762329208691
Charlotte Hornets,Indiana Pacers,0.571162724121
Golden State Warriors,New Orleans Pelicans,0.948712059329
Los Angeles Clippers,Detroit Pistons,0.707663835804
Oklahoma City Thunder,Miami Heat,0.731383228586
Utah Jazz,Philadelphia 76ers,0.824211352363
Washington Wizards,Houston Rockets,0.562505125925
Minnesota Timberwolves,Brooklyn Nets,0.676918121006
Cleveland Cavaliers,Atlanta Hawks,0.751572841381
Dallas Mavericks,Los Angeles Lakers,0.655829941872
Memphis Grizzlies,Denver Nuggets,0.589207826243
Portland Trail Blazers,Phoenix Suns,0.899030517699
Sacramento Kings,New Orleans Pelicans,0.664681647171
Atlanta Hawks,Chicago Bulls,0.750782395924
Charlotte Hornets,Utah Jazz,0.681930775528
Golden State Warriors,Dallas Mavericks,0.907336014066
Indiana Pacers,Philadelphia 76ers,0.929524213663
Los Angeles Clippers,Portland Trail Blazers,0.591697339919
New York Knicks,Brooklyn Nets,0.807095321317
Oklahoma City Thunder,Toronto Raptors,0.638298439439
Orlando Magic,Minnesota Timberwolves,0.586283599925
Detroit Pistons,Phoenix Suns,0.708028637745
San Antonio Spurs,Houston Rockets,0.842590596867
Boston Celtics,Washington Wizards,0.532004803893
Golden State Warriors,Denver Nuggets,0.918820371932
Miami Heat,Chicago Bulls,0.79801756303
Milwaukee Bucks,New Orleans Pelicans,0.574987640597
Sacramento Kings,Los Angeles Lakers,0.841526484802
Boston Celtics,New York Knicks,0.86074453901
Toronto Raptors,Charlotte Hornets,0.533060118366
Oklahoma City Thunder,Los Angeles Clippers,0.685517693227
Orlando Magic,Utah Jazz,0.512827270414
Indiana Pacers,Philadelphia 76ers,0.883005765681
Portland Trail Blazers,Sacramento Kings,0.818248504596
San Antonio Spurs,Detroit Pistons,0.827693289779
Cleveland Cavaliers,Washington Wizards,0.747983124981
Atlanta Hawks,Philadelphia 76ers,0.939561693037
Chicago Bulls,Washington Wizards,0.662884792627
Detroit Pistons,Denver Nuggets,0.670453195282
San Antonio Spurs,Houston Rockets,0.777924078275
Indiana Pacers,Boston Celtics,0.507449352076
Miami Heat,Utah Jazz,0.728941405183
Memphis Grizzlies,Milwaukee Bucks,0.516975972839
Los Angeles Clippers,Minnesota Timberwolves,0.765224203305
New Orleans Pelicans,Los Angeles Lakers,0.803869478417
Phoenix Suns,Brooklyn Nets,0.677322277688
Toronto Raptors,New York Knicks,0.908439553493
Cleveland Cavaliers,Charlotte Hornets,0.7580680632
Golden State Warriors,Phoenix Suns,0.966707057453
Minnesota Timberwolves,Los Angeles Lakers,0.77553086521
Oklahoma City Thunder,Orlando Magic,0.865977576441
Portland Trail Blazers,Denver Nuggets,0.785847083653
Oklahoma City Thunder,Detroit Pistons,0.740368307308
Houston Rockets,Philadelphia 76ers,0.924922502075
Indiana Pacers,Orlando Magic,0.722417253585
Los Angeles Clippers,Brooklyn Nets,0.924936227544
Boston Celtics,New Orleans Pelicans,0.700728576381
New York Knicks,Dallas Mavericks,0.543034697818
San Antonio Spurs,Miami Heat,0.795854845453
Utah Jazz,Memphis Grizzlies,0.730881136803
Cleveland Cavaliers,Toronto Raptors,0.707412636658
Los Angeles Lakers,Brooklyn Nets,0.64883317067
Miami Heat,Atlanta Hawks,0.578917975155
Charlotte Hornets,Minnesota Timberwolves,0.756490121235
Portland Trail Blazers,Chicago Bulls,0.797085518852
Atlanta Hawks,Milwaukee Bucks,0.77731190784
Boston Celtics,Dallas Mavericks,0.729062142239
Denver Nuggets,Phoenix Suns,0.678180734021
Cleveland Cavaliers,Indiana Pacers,0.717053022423
Los Angeles Clippers,Memphis Grizzlies,0.820341564393
Detroit Pistons,New York Knicks,0.548862640112
Oklahoma City Thunder,Houston Rockets,0.788964912245
Orlando Magic,New Orleans Pelicans,0.690708308021
Washington Wizards,Philadelphia 76ers,0.836400681233
San Antonio Spurs,Sacramento Kings,0.858997800323
Golden State Warriors,Toronto Raptors,0.650610115093
Portland Trail Blazers,Houston Rockets,0.56960212563
Miami Heat,Milwaukee Bucks,0.820719535972
Minnesota Timberwolves,Philadelphia 76ers,0.821711653304
Utah Jazz,Chicago Bulls,0.73141961429
Washington Wizards,New York Knicks,0.79303718958
Golden State Warriors,Boston Celtics,0.749315215239
Charlotte Hornets,Atlanta Hawks,0.522917411266
Cleveland Cavaliers,Detroit Pistons,0.821317202359
Dallas Mavericks,Memphis Grizzlies,0.736930325769
Toronto Raptors,Denver Nuggets,0.794567741026
Indiana Pacers,Phoenix Suns,0.852798894572
San Antonio Spurs,Los Angeles Lakers,0.924132536212
Portland Trail Blazers,New Orleans Pelicans,0.748867753259
Oklahoma City Thunder,Brooklyn Nets,0.944682252977
Los Angeles Clippers,Sacramento Kings,0.679552803374
Boston Celtics,Detroit Pistons,0.538918251581
Houston Rockets,Utah Jazz,0.619044978563
Los Angeles Clippers,Chicago Bulls,0.820744942792
Memphis Grizzlies,Minnesota Timberwolves,0.58453251481
Golden State Warriors,Milwaukee Bucks,0.918243654973
Charlotte Hornets,New Orleans Pelicans,0.723659060693
Orlando Magic,Dallas Mavericks,0.541731702787
Phoenix Suns,Philadelphia 76ers,0.584708259437
Miami Heat,Washington Wizards,0.516421673133
Portland Trail Blazers,Brooklyn Nets,0.858473854357
Utah Jazz,Denver Nuggets,0.612442089673
Chicago Bulls,Los Angeles Lakers,0.592924842185
Atlanta Hawks,New York Knicks,0.648933626579
Oklahoma City Thunder,Indiana Pacers,0.728498282204
Toronto Raptors,Sacramento Kings,0.723717539853
Charlotte Hornets,Memphis Grizzlies,0.758525263772
Detroit Pistons,Houston Rockets,0.555653740383
Golden State Warriors,Indiana Pacers,0.80457318832
Los Angeles Clippers,Toronto Raptors,0.560112435742
Orlando Magic,Milwaukee Bucks,0.511775209857
Boston Celtics,Minnesota Timberwolves,0.735287386991
Miami Heat,Philadelphia 76ers,0.88148537339
San Antonio Spurs,Dallas Mavericks,0.874133212983
Washington Wizards,Phoenix Suns,0.831840801851
Atlanta Hawks,New Orleans Pelicans,0.813089356546
Chicago Bulls,Denver Nuggets,0.51821633033
Oklahoma City Thunder,Los Angeles Lakers,0.898125497093
Portland Trail Blazers,New York Knicks,0.670214329139
Boston Celtics,Brooklyn Nets,0.82647653782
San Antonio Spurs,Charlotte Hornets,0.726402681762
Cleveland Cavaliers,Portland Trail Blazers,0.733454186008
Los Angeles Clippers,Dallas Mavericks,0.508926679606
Miami Heat,Detroit Pistons,0.523359077078
Golden State Warriors,Los Angeles Lakers,0.980218956257
Toronto Raptors,Houston Rockets,0.600991046261
Atlanta Hawks,Indiana Pacers,0.529269988044
Minnesota Timberwolves,New Orleans Pelicans,0.507388339438
Orlando Magic,Phoenix Suns,0.778049052077
Memphis Grizzlies,Philadelphia 76ers,0.761912313651
Oklahoma City Thunder,Sacramento Kings,0.815129499076
Utah Jazz,Denver Nuggets,0.717831734215
San Antonio Spurs,Boston Celtics,0.703752705554
Cleveland Cavaliers,Dallas Mavericks,0.869204040271
Oklahoma City Thunder,Denver Nuggets,0.866850721043
Los Angeles Clippers,Detroit Pistons,0.578327100991
Indiana Pacers,Brooklyn Nets,0.873070752565
Golden State Warriors,Los Angeles Lakers,0.938750758478
Miami Heat,Memphis Grizzlies,0.602842241686
Toronto Raptors,Milwaukee Bucks,0.793306878925
Charlotte Hornets,New York Knicks,0.640896389762
Washington Wizards,Orlando Magic,0.508804738346
Chicago Bulls,Philadelphia 76ers,0.761415029196
Minnesota Timberwolves,Phoenix Suns,0.583189343062
Portland Trail Blazers,New Orleans Pelicans,0.850127101927
Houston Rockets,Sacramento Kings,0.552868263222
Atlanta Hawks,Utah Jazz,0.513441670299
Charlotte Hornets,New York Knicks,0.846871689139
Golden State Warriors,Minnesota Timberwolves,0.921495346098
Miami Heat,Memphis Grizzlies,0.79757565489
Oklahoma City Thunder,Detroit Pistons,0.770375536066
San Antonio Spurs,Washington Wizards,0.793046729534
Sacramento Kings,Brooklyn Nets,0.626190237104
Dallas Mavericks,New Orleans Pelicans,0.802221133961
Los Angeles Clippers,Indiana Pacers,0.53248457432
Atlanta Hawks,Los Angeles Lakers,0.807163959574
Orlando Magic,Milwaukee Bucks,0.641824549155
Cleveland Cavaliers,Philadelphia 76ers,0.953856012818
Denver Nuggets,Phoenix Suns,0.578494535602
Portland Trail Blazers,Houston Rockets,0.698276470712
Golden State Warriors,Atlanta Hawks,0.816769508708
Charlotte Hornets,Memphis Grizzlies,0.643760021797
Miami Heat,Boston Celtics,0.614281801495
Utah Jazz,Minnesota Timberwolves,0.621919861756
Oklahoma City Thunder,New York Knicks,0.795635618786
Toronto Raptors,Philadelphia 76ers,0.966843810127
Washington Wizards,Sacramento Kings,0.714380865017
Los Angeles Clippers,Brooklyn Nets,0.848229266183
Charlotte Hornets,Detroit Pistons,0.62480945357
Cleveland Cavaliers,Milwaukee Bucks,0.873634503703
New Orleans Pelicans,Los Angeles Lakers,0.803869478417
San Antonio Spurs,Orlando Magic,0.902453287844
Utah Jazz,Houston Rockets,0.616037675515
Boston Celtics,Detroit Pistons,0.650497645325
Chicago Bulls,Los Angeles Lakers,0.924158225859
San Antonio Spurs,Dallas Mavericks,0.748566961137
Miami Heat,Denver Nuggets,0.714841677905
Minnesota Timberwolves,New York Knicks,0.610617555198
Oklahoma City Thunder,Washington Wizards,0.798434147617
Atlanta Hawks,Phoenix Suns,0.786525474843
Portland Trail Blazers,Indiana Pacers,0.624202252863
Toronto Raptors,Memphis Grizzlies,0.84929307088
Milwaukee Bucks,Brooklyn Nets,0.62362786033
Charlotte Hornets,Dallas Mavericks,0.706543387779
Cleveland Cavaliers,Los Angeles Clippers,0.749155028738
Golden State Warriors,Houston Rockets,0.883000425931
Memphis Grizzlies,Orlando Magic,0.60989671224
Utah Jazz,Miami Heat,0.538851052527
Atlanta Hawks,Detroit Pistons,0.614306627204
Boston Celtics,Sacramento Kings,0.801375525526
Cleveland Cavaliers,Chicago Bulls,0.672801225222
Houston Rockets,Denver Nuggets,0.646107101892
Los Angeles Clippers,New Orleans Pelicans,0.733155334195
New York Knicks,Minnesota Timberwolves,0.587556363203
Orlando Magic,Philadelphia 76ers,0.758114872663
San Antonio Spurs,Washington Wizards,0.850110761106
Toronto Raptors,Los Angeles Lakers,0.956254265163
Charlotte Hornets,Minnesota Timberwolves,0.742683221885
Dallas Mavericks,Chicago Bulls,0.737461047269
Golden State Warriors,Phoenix Suns,0.966707057453
Memphis Grizzlies,Los Angeles Lakers,0.855896801646
Milwaukee Bucks,Brooklyn Nets,0.716017788832
Boston Celtics,Philadelphia 76ers,0.887859024675
Portland Trail Blazers,Miami Heat,0.627628962576
Toronto Raptors,Atlanta Hawks,0.662887794574
Utah Jazz,Denver Nuggets,0.717831734215
Detroit Pistons,Orlando Magic,0.683671360036
Los Angeles Clippers,Indiana Pacers,0.65940609272
New York Knicks,Sacramento Kings,0.640517270706
Oklahoma City Thunder,New Orleans Pelicans,0.901605462811
Oklahoma City Thunder,Atlanta Hawks,0.667679603486
Washington Wizards,Brooklyn Nets,0.754635510162
Portland Trail Blazers,Chicago Bulls,0.500751306726
Dallas Mavericks,Charlotte Hornets,0.503073808533
Golden State Warriors,Indiana Pacers,0.844155072362
Boston Celtics,Houston Rockets,0.509602564729
Utah Jazz,Los Angeles Lakers,0.681519005853
San Antonio Spurs,Milwaukee Bucks,0.899256296906
New Orleans Pelicans,Memphis Grizzlies,0.513770032808
Denver Nuggets,Philadelphia 76ers,0.773566182269
Cleveland Cavaliers,Toronto Raptors,0.534068726116
Detroit Pistons,Chicago Bulls,0.679748137162
Memphis Grizzlies,Philadelphia 76ers,0.887932854928
Miami Heat,New York Knicks,0.874008122045
San Antonio Spurs,Minnesota Timberwolves,0.903506818186
Utah Jazz,Phoenix Suns,0.860585129235
Washington Wizards,Orlando Magic,0.689651322823
Atlanta Hawks,Miami Heat,0.56381764417
Denver Nuggets,Brooklyn Nets,0.672686516865
Charlotte Hornets,Detroit Pistons,0.62480945357
Dallas Mavericks,Sacramento Kings,0.762993544241
Houston Rockets,Los Angeles Lakers,0.90229698098
Golden State Warriors,Los Angeles Clippers,0.696804278798
Portland Trail Blazers,Milwaukee Bucks,0.771289501739
Cleveland Cavaliers,New York Knicks,0.806438357464
Boston Celtics,Orlando Magic,0.61599688896
Indiana Pacers,Phoenix Suns,0.751988313191
San Antonio Spurs,Chicago Bulls,0.726390696011
Portland Trail Blazers,Memphis Grizzlies,0.672963468202
New Orleans Pelicans,Philadelphia 76ers,0.845382434942
Toronto Raptors,Minnesota Timberwolves,0.838135154013
Golden State Warriors,Utah Jazz,0.794406056545
Washington Wizards,Denver Nuggets,0.670909877778
Toronto Raptors,Boston Celtics,0.505304556715
Charlotte Hornets,Orlando Magic,0.762318281834
Cleveland Cavaliers,Miami Heat,0.788601508835
Dallas Mavericks,Indiana Pacers,0.542909142107
Los Angeles Lakers,Phoenix Suns,0.608795384221
Atlanta Hawks,Milwaukee Bucks,0.754138437341
Detroit Pistons,Minnesota Timberwolves,0.679255276146
Oklahoma City Thunder,Houston Rockets,0.788964912245
Sacramento Kings,New York Knicks,0.706766113206
Chicago Bulls,Miami Heat,0.574758319704
Cleveland Cavaliers,Charlotte Hornets,0.7580680632
Houston Rockets,Dallas Mavericks,0.645997653041
Portland Trail Blazers,Indiana Pacers,0.55280570454
Los Angeles Clippers,New Orleans Pelicans,0.868621342829
Golden State Warriors,Memphis Grizzlies,0.872665154423
Orlando Magic,Denver Nuggets,0.59095299556
San Antonio Spurs,Brooklyn Nets,0.96070947038
Utah Jazz,Sacramento Kings,0.757346329382
Washington Wizards,Milwaukee Bucks,0.716606157311
Detroit Pistons,Philadelphia 76ers,0.916339156987
Los Angeles Lakers,New York Knicks,0.546577698546
Golden State Warriors,Minnesota Timberwolves,0.92176277015
Oklahoma City Thunder,Boston Celtics,0.718931504193
Phoenix Suns,New Orleans Pelicans,0.529697509114
Dallas Mavericks,Denver Nuggets,0.724063504123
Houston Rockets,Brooklyn Nets,0.865317015512
Charlotte Hornets,Indiana Pacers,0.520517392889
Los Angeles Clippers,Portland Trail Blazers,0.591697339919
Miami Heat,Washington Wizards,0.711507198413
Sacramento Kings,Los Angeles Lakers,0.841526484802
Toronto Raptors,Milwaukee Bucks,0.867506196418
Atlanta Hawks,Orlando Magic,0.754150150753
Chicago Bulls,Minnesota Timberwolves,0.742694746738
Cleveland Cavaliers,Memphis Grizzlies,0.896589886402
Golden State Warriors,New Orleans Pelicans,0.908519896631
Phoenix Suns,New York Knicks,0.577966561197
Oklahoma City Thunder,Portland Trail Blazers,0.606427751408
Brooklyn Nets,Los Angeles Lakers,0.668313587844
Dallas Mavericks,Detroit Pistons,0.597600210444
Houston Rockets,Sacramento Kings,0.732341794371
Cleveland Cavaliers,Memphis Grizzlies,0.808376592618
Miami Heat,Indiana Pacers,0.625555356076
Los Angeles Clippers,Orlando Magic,0.653058935642
Toronto Raptors,Philadelphia 76ers,0.919844591964
San Antonio Spurs,Boston Celtics,0.785515273273
Oklahoma City Thunder,Utah Jazz,0.689688033437
Charlotte Hornets,Washington Wizards,0.559740703605
Portland Trail Blazers,Denver Nuggets,0.772646181673
Golden State Warriors,New York Knicks,0.957431968566
Chicago Bulls,Milwaukee Bucks,0.516291887096
Indiana Pacers,New Orleans Pelicans,0.69059887332
San Antonio Spurs,Phoenix Suns,0.914689620214
Boston Celtics,Charlotte Hornets,0.559232277091
Chicago Bulls,Milwaukee Bucks,0.784940147257
Houston Rockets,New Orleans Pelicans,0.775147562789
Memphis Grizzlies,Sacramento Kings,0.637642244263
Miami Heat,Los Angeles Clippers,0.575768295951
Orlando Magic,Brooklyn Nets,0.806276664026
Philadelphia 76ers,Los Angeles Lakers,0.547944748948
Toronto Raptors,Atlanta Hawks,0.662887794574
Utah Jazz,Dallas Mavericks,0.675494220138
Washington Wizards,Detroit Pistons,0.535706792531
Atlanta Hawks,Charlotte Hornets,0.520556159847
Cleveland Cavaliers,Los Angeles Lakers,0.971124418094
Denver Nuggets,New York Knicks,0.620112269925
Indiana Pacers,Detroit Pistons,0.527008541617
Golden State Warriors,Portland Trail Blazers,0.802154149907
Houston Rockets,Minnesota Timberwolves,0.655225059629
Oklahoma City Thunder,Phoenix Suns,0.934995919408
Dallas Mavericks,Sacramento Kings,0.762993544241
Memphis Grizzlies,Utah Jazz,0.51102458225
Miami Heat,Boston Celtics,0.614281801495
Toronto Raptors,Orlando Magic,0.69925914345
Brooklyn Nets,Philadelphia 76ers,0.542514351893
San Antonio Spurs,New Orleans Pelicans,0.929177656296
Los Angeles Clippers,Washington Wizards,0.571534759167
Chicago Bulls,Detroit Pistons,0.624823590863
Dallas Mavericks,Denver Nuggets,0.58457752641
Indiana Pacers,Washington Wizards,0.614713307107
Minnesota Timberwolves,Phoenix Suns,0.669363518692
Oklahoma City Thunder,Atlanta Hawks,0.688293672124
Charlotte Hornets,Los Angeles Lakers,0.924153998823
Golden State Warriors,Utah Jazz,0.897111773641
San Antonio Spurs,Houston Rockets,0.777924078275
Los Angeles Clippers,Denver Nuggets,0.810505364552
Boston Celtics,Memphis Grizzlies,0.617702092733
Miami Heat,Orlando Magic,0.800916272264
Cleveland Cavaliers,Milwaukee Bucks,0.873634503703
Indiana Pacers,New York Knicks,0.603361789898
New Orleans Pelicans,Philadelphia 76ers,0.6884820191
Portland Trail Blazers,Sacramento Kings,0.697117550056
Toronto Raptors,Brooklyn Nets,0.938300281051
Atlanta Hawks,Minnesota Timberwolves,0.734075701657
Chicago Bulls,Washington Wizards,0.662884792627
Cleveland Cavaliers,Milwaukee Bucks,0.909694899211
Detroit Pistons,Memphis Grizzlies,0.679151507504
Oklahoma City Thunder,New Orleans Pelicans,0.851025236255
Houston Rockets,Phoenix Suns,0.685154922911
Portland Trail Blazers,Dallas Mavericks,0.750162950449
Utah Jazz,Sacramento Kings,0.757346329382
Golden State Warriors,Brooklyn Nets,0.952834759846
Indiana Pacers,Boston Celtics,0.507449352076
San Antonio Spurs,Los Angeles Clippers,0.646204066403
Miami Heat,Los Angeles Lakers,0.938588092757
New York Knicks,Orlando Magic,0.612858221294
Oklahoma City Thunder,Boston Celtics,0.632261969046
Charlotte Hornets,Chicago Bulls,0.759026665172
Cleveland Cavaliers,Brooklyn Nets,0.9590118015
Atlanta Hawks,Denver Nuggets,0.75556461256
Golden State Warriors,Detroit Pistons,0.832146110257
Los Angeles Clippers,Dallas Mavericks,0.777768085091
Houston Rockets,Memphis Grizzlies,0.525048109181
Washington Wizards,Milwaukee Bucks,0.630980409938
Minnesota Timberwolves,Sacramento Kings,0.505833444777
Miami Heat,New Orleans Pelicans,0.687463080512
Orlando Magic,Los Angeles Lakers,0.856784381897
Phoenix Suns,Philadelphia 76ers,0.80099265205
San Antonio Spurs,Portland Trail Blazers,0.680402121276
Toronto Raptors,Utah Jazz,0.569042894151
Golden State Warriors,Cleveland Cavaliers,0.547578996682
Los Angeles Clippers,Los Angeles Lakers,0.809165072054
Boston Celtics,New York Knicks,0.614754345371
Oklahoma City Thunder,Minnesota Timberwolves,0.853257479776
San Antonio Spurs,Chicago Bulls,0.900849962929
Charlotte Hornets,Brooklyn Nets,0.841945317866
Chicago Bulls,Indiana Pacers,0.571177495483
Cleveland Cavaliers,Detroit Pistons,0.753186227533
Houston Rockets,Phoenix Suns,0.844028036875
Los Angeles Clippers,Denver Nuggets,0.810505364552
Atlanta Hawks,Minnesota Timberwolves,0.762897337725
Dallas Mavericks,New Orleans Pelicans,0.55252113392
Orlando Magic,Memphis Grizzlies,0.606654837043
Portland Trail Blazers,Toronto Raptors,0.522083882718
Sacramento Kings,Philadelphia 76ers,0.876295512039
Washington Wizards,Milwaukee Bucks,0.716606157311
Boston Celtics,Memphis Grizzlies,0.778306726531
Dallas Mavericks,Houston Rockets,0.623337942755
Utah Jazz,Los Angeles Lakers,0.681519005853
Oklahoma City Thunder,Miami Heat,0.605049167811
Atlanta Hawks,New York Knicks,0.841003254573
Chicago Bulls,Brooklyn Nets,0.894484996194
Minnesota Timberwolves,Denver Nuggets,0.539986060509
Detroit Pistons,Milwaukee Bucks,0.710927872821
Golden State Warriors,Toronto Raptors,0.780818820276
Los Angeles Clippers,New Orleans Pelicans,0.733155334195
Charlotte Hornets,Orlando Magic,0.64210370397
Portland Trail Blazers,Sacramento Kings,0.818248504596
San Antonio Spurs,Phoenix Suns,0.953691989481
Indiana Pacers,Washington Wizards,0.520075545972
Charlotte Hornets,Miami Heat,0.574743579854
Cleveland Cavaliers,Boston Celtics,0.777997045609
Dallas Mavericks,Los Angeles Lakers,0.655829941872
Oklahoma City Thunder,Memphis Grizzlies,0.797654885433
Toronto Raptors,Phoenix Suns,0.821753818275
Utah Jazz,Philadelphia 76ers,0.933568189529
Atlanta Hawks,Detroit Pistons,0.614306627204
Boston Celtics,Miami Heat,0.601674318953
Denver Nuggets,Philadelphia 76ers,0.827513056381
Golden State Warriors,Dallas Mavericks,0.907336014066
Los Angeles Clippers,Houston Rockets,0.549422140263
Indiana Pacers,Chicago Bulls,0.718776904572
Minnesota Timberwolves,Milwaukee Bucks,0.508565816257
New Orleans Pelicans,New York Knicks,0.650390424947
San Antonio Spurs,Portland Trail Blazers,0.741980601709
Washington Wizards,Brooklyn Nets,0.854506496876
Chicago Bulls,Milwaukee Bucks,0.784940147257
Cleveland Cavaliers,Charlotte Hornets,0.672814501121
Houston Rockets,New York Knicks,0.80738550606
Oklahoma City Thunder,Los Angeles Clippers,0.685517693227
Sacramento Kings,Memphis Grizzlies,0.577877783596
Utah Jazz,Phoenix Suns,0.860585129235
San Antonio Spurs,Atlanta Hawks,0.735168963363
Indiana Pacers,Orlando Magic,0.722417253585
Toronto Raptors,Los Angeles Lakers,0.839680684961
Miami Heat,Detroit Pistons,0.676254537193
Portland Trail Blazers,Minnesota Timberwolves,0.779615947637
Utah Jazz,Brooklyn Nets,0.738260519331
Chicago Bulls,Charlotte Hornets,0.531680630649
Cleveland Cavaliers,New Orleans Pelicans,0.926222185808
Golden State Warriors,Denver Nuggets,0.922879056453
Houston Rockets,Washington Wizards,0.598436245061
Los Angeles Clippers,Phoenix Suns,0.912113963596
Oklahoma City Thunder,Milwaukee Bucks,0.865958661777
New York Knicks,Orlando Magic,0.612858221294
Boston Celtics,Utah Jazz,0.705551110276
Dallas Mavericks,Washington Wizards,0.636817892433
Denver Nuggets,Sacramento Kings,0.515857379398
Indiana Pacers,Detroit Pistons,0.527008541617
Memphis Grizzlies,Los Angeles Lakers,0.59358586273
Minnesota Timberwolves,Philadelphia 76ers,0.776926079442
Miami Heat,Phoenix Suns,0.749248794372
San Antonio Spurs,Toronto Raptors,0.71645003781
Oklahoma City Thunder,Charlotte Hornets,0.657719433067
Cleveland Cavaliers,Chicago Bulls,0.896843595788
Golden State Warriors,Portland Trail Blazers,0.802154149907
Los Angeles Clippers,Memphis Grizzlies,0.820341564393
New York Knicks,Milwaukee Bucks,0.643030480938
Atlanta Hawks,Orlando Magic,0.650128670638
Miami Heat,Sacramento Kings,0.629322649046
Dallas Mavericks,Phoenix Suns,0.864260323153
San Antonio Spurs,Denver Nuggets,0.899952359137
Charlotte Hornets,Detroit Pistons,0.566578226755
Oklahoma City Thunder,Houston Rockets,0.717138206053
Indiana Pacers,Brooklyn Nets,0.873070752565
Atlanta Hawks,New Orleans Pelicans,0.730622519294
Portland Trail Blazers,Los Angeles Lakers,0.938254519503
Toronto Raptors,Utah Jazz,0.793657580885
Boston Celtics,Philadelphia 76ers,0.947824989613
Cleveland Cavaliers,Brooklyn Nets,0.925569856213
Golden State Warriors,Memphis Grizzlies,0.927404668477
Miami Heat,Los Angeles Lakers,0.772448504392
Milwaukee Bucks,New York Knicks,0.621926133887
Houston Rockets,Orlando Magic,0.52324860217
Los Angeles Clippers,Sacramento Kings,0.679552803374
Washington Wizards,Minnesota Timberwolves,0.666638334202
Boston Celtics,New Orleans Pelicans,0.835619048802
Toronto Raptors,Chicago Bulls,0.533045107421
Atlanta Hawks,Dallas Mavericks,0.505700477453
Indiana Pacers,New York Knicks,0.817772027279
Utah Jazz,Minnesota Timberwolves,0.621919861756
Oklahoma City Thunder,Denver Nuggets,0.855655539181
San Antonio Spurs,Charlotte Hornets,0.766058252761
Brooklyn Nets,Philadelphia 76ers,0.728840032008
Los Angeles Clippers,Miami Heat,0.662685265924
Orlando Magic,Los Angeles Lakers,0.588553478189
Memphis Grizzlies,Utah Jazz,0.51102458225
Washington Wizards,Milwaukee Bucks,0.630980409938
Cleveland Cavaliers,Phoenix Suns,0.892523814538
Portland Trail Blazers,Detroit Pistons,0.674989455271
Golden State Warriors,Sacramento Kings,0.88459904304
Toronto Raptors,Houston Rockets,0.769010654158
Oklahoma City Thunder,Chicago Bulls,0.657705856277
Dallas Mavericks,Minnesota Timberwolves,0.594285312834
New York Knicks,New Orleans Pelicans,0.691828679853
Atlanta Hawks,Brooklyn Nets,0.846560107192
Golden State Warriors,Miami Heat,0.846070737135
Charlotte Hornets,Houston Rockets,0.537511951158
Portland Trail Blazers,Los Angeles Lakers,0.821491589208
Detroit Pistons,Sacramento Kings,0.579453662046
San Antonio Spurs,Milwaukee Bucks,0.913250428423
Toronto Raptors,Boston Celtics,0.694915928867
Cleveland Cavaliers,Utah Jazz,0.704007717395
Washington Wizards,Chicago Bulls,0.685768177293
Boston Celtics,Washington Wizards,0.687257922694
Los Angeles Clippers,Orlando Magic,0.823389669249
Houston Rockets,Minnesota Timberwolves,0.655225059629
Oklahoma City Thunder,Memphis Grizzlies,0.863542680774
New York Knicks,Philadelphia 76ers,0.645091165814
Cleveland Cavaliers,Portland Trail Blazers,0.622486507428
New Orleans Pelicans,Brooklyn Nets,0.570731105964
Indiana Pacers,Denver Nuggets,0.717815527956
Golden State Warriors,Detroit Pistons,0.871343571425
New York Knicks,Chicago Bulls,0.608559595936
Dallas Mavericks,Phoenix Suns,0.626489690956
San Antonio Spurs,Los Angeles Lakers,0.972334873215
Atlanta Hawks,Boston Celtics,0.548394599293
Houston Rockets,Memphis Grizzlies,0.704214561858
Miami Heat,Milwaukee Bucks,0.713268069877
Oklahoma City Thunder,Minnesota Timberwolves,0.871413171563
Charlotte Hornets,Philadelphia 76ers,0.898527681959
Portland Trail Blazers,Orlando Magic,0.799994251713
Cleveland Cavaliers,Sacramento Kings,0.825128268968
Toronto Raptors,Brooklyn Nets,0.938300281051
Utah Jazz,Detroit Pistons,0.590129113079
Chicago Bulls,New Orleans Pelicans,0.81977618386
Los Angeles Clippers,Los Angeles Lakers,0.946557520574
San Antonio Spurs,Phoenix Suns,0.914689620214
Utah Jazz,Orlando Magic,0.734956654103
Washington Wizards,Philadelphia 76ers,0.918445387828
Atlanta Hawks,Milwaukee Bucks,0.77731190784
Houston Rockets,Brooklyn Nets,0.765186671068
Dallas Mavericks,Minnesota Timberwolves,0.720194150296
Detroit Pistons,Los Angeles Lakers,0.733686518672
Memphis Grizzlies,Chicago Bulls,0.605586366172
Oklahoma City Thunder,Sacramento Kings,0.815129499076
Toronto Raptors,New York Knicks,0.908439553493
Boston Celtics,Charlotte Hornets,0.559232277091
Orlando Magic,Denver Nuggets,0.513700696993
Golden State Warriors,Cleveland Cavaliers,0.664170602675
Indiana Pacers,New Orleans Pelicans,0.786813463607
Oklahoma City Thunder,Los Angeles Clippers,0.56932448376
Milwaukee Bucks,Philadelphia 76ers,0.828610335745
Atlanta Hawks,New York Knicks,0.648933626579
Utah Jazz,Phoenix Suns,0.653210716206
Portland Trail Blazers,Washington Wizards,0.591460797338
Toronto Raptors,Brooklyn Nets,0.87347503491
Chicago Bulls,Dallas Mavericks,0.706555891732
Denver Nuggets,Los Angeles Lakers,0.609253464393
Miami Heat,Houston Rockets,0.69949126427
San Antonio Spurs,Minnesota Timberwolves,0.892766421141
Boston Celtics,New York Knicks,0.86074453901
Portland Trail Blazers,Charlotte Hornets,0.500766383521
Atlanta Hawks,Detroit Pistons,0.575176245363
Golden State Warriors,Oklahoma City Thunder,0.679119966049
Houston Rockets,Milwaukee Bucks,0.734479162209
New Orleans Pelicans,Orlando Magic,0.518969519224
Toronto Raptors,Philadelphia 76ers,0.919844591964
Indiana Pacers,Sacramento Kings,0.632730140225
Washington Wizards,Memphis Grizzlies,0.68517756864
Cleveland Cavaliers,Phoenix Suns,0.951706350712
Los Angeles Clippers,Minnesota Timberwolves,0.807525935079
Miami Heat,Dallas Mavericks,0.751243260552
Washington Wizards,New York Knicks,0.507492661661
San Antonio Spurs,Denver Nuggets,0.894598583701
Atlanta Hawks,Chicago Bulls,0.750782395924
Toronto Raptors,Charlotte Hornets,0.533060118366
Dallas Mavericks,Utah Jazz,0.656587199531
Golden State Warriors,Houston Rockets,0.815076626502
Indiana Pacers,Los Angeles Lakers,0.775010672046
Memphis Grizzlies,Sacramento Kings,0.637642244263
New Orleans Pelicans,Brooklyn Nets,0.740355574462
Orlando Magic,Milwaukee Bucks,0.641824549155
Portland Trail Blazers,Philadelphia 76ers,0.909773231896
Atlanta Hawks,Philadelphia 76ers,0.939561693037
Boston Celtics,Portland Trail Blazers,0.527010961546
Chicago Bulls,Sacramento Kings,0.783089015562
Charlotte Hornets,Brooklyn Nets,0.894479304158
Cleveland Cavaliers,San Antonio Spurs,0.509708129451
Los Angeles Clippers,Denver Nuggets,0.757940607011
Detroit Pistons,Washington Wizards,0.569884548083
Houston Rockets,Memphis Grizzlies,0.525048109181
Miami Heat,Milwaukee Bucks,0.820719535972
New York Knicks,Phoenix Suns,0.778954293346
Utah Jazz,Indiana Pacers,0.535212375925
Dallas Mavericks,Los Angeles Lakers,0.915725469261
Denver Nuggets,Minnesota Timberwolves,0.545156375236
Golden State Warriors,Orlando Magic,0.871861275763
Toronto Raptors,Phoenix Suns,0.927582107867
Atlanta Hawks,Los Angeles Clippers,0.508565439583
San Antonio Spurs,Brooklyn Nets,0.941367990884
Charlotte Hornets,Washington Wizards,0.662871315706
Detroit Pistons,Sacramento Kings,0.708676119266
Indiana Pacers,New York Knicks,0.817772027279
Golden State Warriors,Miami Heat,0.727024646749
Houston Rockets,Milwaukee Bucks,0.644342906723
Cleveland Cavaliers,New Orleans Pelicans,0.859417407572
Oklahoma City Thunder,Utah Jazz,0.689688033437
Utah Jazz,Denver Nuggets,0.612442089673
Orlando Magic,Chicago Bulls,0.607308328417
Los Angeles Clippers,Philadelphia 76ers,0.902821677071
Minnesota Timberwolves,Phoenix Suns,0.583189343062
San Antonio Spurs,Toronto Raptors,0.596761935427
Boston Celtics,Washington Wizards,0.532004803893
Boston Celtics,Houston Rockets,0.674693767905
Miami Heat,Brooklyn Nets,0.81733192075
Chicago Bulls,Atlanta Hawks,0.522932456401
Golden State Warriors,Charlotte Hornets,0.769622009704
Cleveland Cavaliers,Sacramento Kings,0.908792821379
Dallas Mavericks,New York Knicks,0.831421612641
Toronto Raptors,Memphis Grizzlies,0.700774214553
Milwaukee Bucks,Philadelphia 76ers,0.828610335745
Oklahoma City Thunder,New Orleans Pelicans,0.851025236255
Portland Trail Blazers,Los Angeles Lakers,0.938254519503
Denver Nuggets,Phoenix Suns,0.678180734021
Indiana Pacers,Minnesota Timberwolves,0.725869814511
Oklahoma City Thunder,Dallas Mavericks,0.829073475663
Utah Jazz,Los Angeles Lakers,0.913303931303
Atlanta Hawks,Washington Wizards,0.652841963883
Boston Celtics,Orlando Magic,0.781878374052
Chicago Bulls,Miami Heat,0.574758319704
Cleveland Cavaliers,Brooklyn Nets,0.9590118015
Indiana Pacers,Sacramento Kings,0.745499396697
San Antonio Spurs,New Orleans Pelicans,0.887550812711
Charlotte Hornets,New York Knicks,0.640896389762
Houston Rockets,Philadelphia 76ers,0.844161872089
Portland Trail Blazers,Memphis Grizzlies,0.796642091177
Toronto Raptors,Milwaukee Bucks,0.867506196418
Charlotte Hornets,Sacramento Kings,0.783078771549
Golden State Warriors,Los Angeles Clippers,0.81482988908
Miami Heat,Detroit Pistons,0.676254537193
Boston Celtics,Milwaukee Bucks,0.725875026121
Minnesota Timberwolves,Brooklyn Nets,0.706194039683
Denver Nuggets,Phoenix Suns,0.578494535602
Utah Jazz,Memphis Grizzlies,0.730881136803
Atlanta Hawks,New York Knicks,0.841003254573
Chicago Bulls,Philadelphia 76ers,0.942046401064
Cleveland Cavaliers,Oklahoma City Thunder,0.589557608757
Indiana Pacers,Houston Rockets,0.600927060779
Washington Wizards,New Orleans Pelicans,0.601903098533
Golden State Warriors,Portland Trail Blazers,0.728168753325
San Antonio Spurs,Dallas Mavericks,0.874133212983
Toronto Raptors,Orlando Magic,0.851938635719
Boston Celtics,Detroit Pistons,0.650497645325
Cleveland Cavaliers,Dallas Mavericks,0.697512228795
Miami Heat,Brooklyn Nets,0.914035413985
Orlando Magic,Minnesota Timberwolves,0.523715309389
Sacramento Kings,Philadelphia 76ers,0.73577137009
Memphis Grizzlies,Phoenix Suns,0.562479290752
Houston Rockets,Sacramento Kings,0.732341794371
Denver Nuggets,Los Angeles Lakers,0.609253464393
Portland Trail Blazers,Charlotte Hornets,0.58604976325
San Antonio Spurs,Oklahoma City Thunder,0.6001778469
Toronto Raptors,New Orleans Pelicans,0.890828076684
Washington Wizards,New York Knicks,0.79303718958
Toronto Raptors,Boston Celtics,0.505304556715
New York Knicks,Brooklyn Nets,0.522318464889
Cleveland Cavaliers,Minnesota Timberwolves,0.888473858832
Dallas Mavericks,Philadelphia 76ers,0.935463714971
Memphis Grizzlies,Denver Nuggets,0.518900230557
Detroit Pistons,New Orleans Pelicans,0.753995302737
Golden State Warriors,Charlotte Hornets,0.821963930609
Miami Heat,Atlanta Hawks,0.578917975155
Oklahoma City Thunder,Chicago Bulls,0.86386515841
Indiana Pacers,Orlando Magic,0.604617445646
Los Angeles Clippers,Phoenix Suns,0.788684688571
Utah Jazz,Milwaukee Bucks,0.759349638116
Atlanta Hawks,Houston Rockets,0.546224768685
Golden State Warriors,Los Angeles Clippers,0.696804278798
San Antonio Spurs,Philadelphia 76ers,0.97911678949
Washington Wizards,Los Angeles Lakers,0.894091418825
Boston Celtics,Los Angeles Lakers,0.93159093166
Indiana Pacers,Brooklyn Nets,0.81950680121
Denver Nuggets,Milwaukee Bucks,0.518587075089
Detroit Pistons,Minnesota Timberwolves,0.660433276835
Houston Rockets,Chicago Bulls,0.704784844502
Oklahoma City Thunder,Memphis Grizzlies,0.863542680774
Toronto Raptors,Orlando Magic,0.69925914345
Portland Trail Blazers,Dallas Mavericks,0.750162950449
Sacramento Kings,Phoenix Suns,0.756784047331
Atlanta Hawks,Orlando Magic,0.754150150753
Indiana Pacers,Detroit Pistons,0.574702799911
Miami Heat,Philadelphia 76ers,0.953245001482
Memphis Grizzlies,Minnesota Timberwolves,0.528905961946
Cleveland Cavaliers,New York Knicks,0.806438357464
Milwaukee Bucks,Phoenix Suns,0.52528110764
Golden State Warriors,Sacramento Kings,0.88459904304
San Antonio Spurs,Denver Nuggets,0.894598583701
Charlotte Hornets,Utah Jazz,0.504670202328
Washington Wizards,New Orleans Pelicans,0.759114253348
Boston Celtics,Los Angeles Clippers,0.54736777027
Toronto Raptors,Brooklyn Nets,0.87347503491
Oklahoma City Thunder,Portland Trail Blazers,0.667601003611
Atlanta Hawks,Utah Jazz,0.672188026389
Dallas Mavericks,Denver Nuggets,0.58457752641
Detroit Pistons,Philadelphia 76ers,0.916339156987
Oklahoma City Thunder,Indiana Pacers,0.703098291832
San Antonio Spurs,Memphis Grizzlies,0.844880677261
Miami Heat,Minnesota Timberwolves,0.722948084642
New Orleans Pelicans,Phoenix Suns,0.706024756274
New York Knicks,Los Angeles Lakers,0.857427340594
Sacramento Kings,Chicago Bulls,0.578545870281
Toronto Raptors,Los Angeles Clippers,0.659997324185
Cleveland Cavaliers,Washington Wizards,0.747983124981
Charlotte Hornets,Brooklyn Nets,0.894479304158
Portland Trail Blazers,Dallas Mavericks,0.529366750492
Houston Rockets,Orlando Magic,0.708532870382
Atlanta Hawks,Denver Nuggets,0.737822973443
Washington Wizards,Brooklyn Nets,0.754635510162
Detroit Pistons,Los Angeles Lakers,0.891430572027
Golden State Warriors,Chicago Bulls,0.927588881799
Cleveland Cavaliers,Indiana Pacers,0.717053022423
Memphis Grizzlies,Phoenix Suns,0.776800627192
Miami Heat,Milwaukee Bucks,0.713268069877
Toronto Raptors,Minnesota Timberwolves,0.801038530596
Utah Jazz,New Orleans Pelicans,0.580994704183
Los Angeles Clippers,New York Knicks,0.651868540867
San Antonio Spurs,Philadelphia 76ers,0.963884551744
Boston Celtics,Sacramento Kings,0.643777178571
Charlotte Hornets,Houston Rockets,0.649826634307
Dallas Mavericks,Utah Jazz,0.656587199531
Cleveland Cavaliers,Oklahoma City Thunder,0.505130367194
Orlando Magic,Philadelphia 76ers,0.888648785535
Portland Trail Blazers,Boston Celtics,0.612913168353
Miami Heat,Brooklyn Nets,0.81733192075
San Antonio Spurs,Detroit Pistons,0.797571246032
Golden State Warriors,Memphis Grizzlies,0.872665154423
Milwaukee Bucks,Los Angeles Lakers,0.783746193586
Minnesota Timberwolves,New Orleans Pelicans,0.563261007764
New York Knicks,Denver Nuggets,0.592221385146
Chicago Bulls,Phoenix Suns,0.561805025563
Atlanta Hawks,Sacramento Kings,0.676735540741
Indiana Pacers,Washington Wizards,0.520075545972
Charlotte Hornets,Los Angeles Clippers,0.519696378589
Cleveland Cavaliers,Denver Nuggets,0.890370356731
Dallas Mavericks,Orlando Magic,0.740946704263
Houston Rockets,Phoenix Suns,0.844028036875
Indiana Pacers,Milwaukee Bucks,0.747567911803
Golden State Warriors,Oklahoma City Thunder,0.623811505177
Miami Heat,Philadelphia 76ers,0.88148537339
Utah Jazz,Boston Celtics,0.523291616261
Chicago Bulls,Minnesota Timberwolves,0.528223353417
San Antonio Spurs,New York Knicks,0.843240072874
Sacramento Kings,New Orleans Pelicans,0.664681647171
Toronto Raptors,Detroit Pistons,0.749222271873
Memphis Grizzlies,Brooklyn Nets,0.658135181854
Charlotte Hornets,Philadelphia 76ers,0.942043108499
Dallas Mavericks,Boston Celtics,0.531012808575
Golden State Warriors,Denver Nuggets,0.918820371932
San Antonio Spurs,Indiana Pacers,0.765916456645
Miami Heat,Orlando Magic,0.800916272264
Detroit Pistons,Milwaukee Bucks,0.668748144085
Phoenix Suns,New Orleans Pelicans,0.529697509114
Portland Trail Blazers,Atlanta Hawks,0.577510164312
Los Angeles Clippers,Utah Jazz,0.516665637817
Oklahoma City Thunder,Washington Wizards,0.734990064946
Toronto Raptors,Chicago Bulls,0.533045107421
Sacramento Kings,Los Angeles Lakers,0.5596450002
Cleveland Cavaliers,Minnesota Timberwolves,0.878820371883
Boston Celtics,Philadelphia 76ers,0.947824989613
Milwaukee Bucks,Brooklyn Nets,0.62362786033
Cleveland Cavaliers,Indiana Pacers,0.786151406816
Minnesota Timberwolves,Denver Nuggets,0.539986060509
Detroit Pistons,Dallas Mavericks,0.618672808037
Golden State Warriors,Sacramento Kings,0.93622993049
Houston Rockets,Miami Heat,0.506017004381
Los Angeles Clippers,Atlanta Hawks,0.614385874776
Memphis Grizzlies,New Orleans Pelicans,0.689164876962
Oklahoma City Thunder,New York Knicks,0.917639085875
San Antonio Spurs,Orlando Magic,0.843932761833
Phoenix Suns,Los Angeles Lakers,0.75107095126
Toronto Raptors,Charlotte Hornets,0.670685741316
Portland Trail Blazers,Utah Jazz,0.53707659134
Chicago Bulls,Boston Celtics,0.55941983197
Indiana Pacers,Washington Wizards,0.614713307107
Cleveland Cavaliers,New York Knicks,0.938517996489
Charlotte Hornets,Detroit Pistons,0.566578226755
Golden State Warriors,Los Angeles Clippers,0.81482988908
Houston Rockets,New Orleans Pelicans,0.615677191244
Portland Trail Blazers,Orlando Magic,0.671373617347
Sacramento Kings,Denver Nuggets,0.56185685338
Atlanta Hawks,Miami Heat,0.56381764417
Chicago Bulls,Phoenix Suns,0.877151974301
Denver Nuggets,Brooklyn Nets,0.714448078423
Indiana Pacers,Memphis Grizzlies,0.718222844693
San Antonio Spurs,Los Angeles Clippers,0.646204066403
Utah Jazz,Milwaukee Bucks,0.610611212922
Dallas Mavericks,Minnesota Timberwolves,0.594285312834
Oklahoma City Thunder,Los Angeles Lakers,0.960856621602
Washington Wizards,Philadelphia 76ers,0.836400681233
Toronto Raptors,Boston Celtics,0.694915928867
Cleveland Cavaliers,Chicago Bulls,0.896843595788
Dallas Mavericks,New Orleans Pelicans,0.802221133961
Golden State Warriors,Brooklyn Nets,0.971810542321
Houston Rockets,Minnesota Timberwolves,0.6862830903
Miami Heat,Indiana Pacers,0.625555356076
New York Knicks,Philadelphia 76ers,0.889167195994
Atlanta Hawks,Orlando Magic,0.650128670638
Charlotte Hornets,Sacramento Kings,0.669010151435
Memphis Grizzlies,Denver Nuggets,0.518900230557
Boston Celtics,Detroit Pistons,0.538918251581
Los Angeles Clippers,Charlotte Hornets,0.622667118777
San Antonio Spurs,Los Angeles Lakers,0.924132536212
Milwaukee Bucks,Phoenix Suns,0.6798604756
Oklahoma City Thunder,New Orleans Pelicans,0.901605462811
Toronto Raptors,Portland Trail Blazers,0.641387286402
Washington Wizards,Utah Jazz,0.597658217051
Boston Celtics,Atlanta Hawks,0.550563714758
Cleveland Cavaliers,Milwaukee Bucks,0.909694899211
Dallas Mavericks,Miami Heat,0.546538614974
Houston Rockets,Indiana Pacers,0.502358514517
Toronto Raptors,New York Knicks,0.698153999259
Golden State Warriors,Philadelphia 76ers,0.971082986102
Sacramento Kings,Minnesota Timberwolves,0.557104243137
Chicago Bulls,Denver Nuggets,0.746362528425
Portland Trail Blazers,Detroit Pistons,0.598159350785
Charlotte Hornets,Los Angeles Lakers,0.801641934938
Memphis Grizzlies,Phoenix Suns,0.776800627192
Oklahoma City Thunder,Utah Jazz,0.812003192777
Golden State Warriors,Washington Wizards,0.82822794737
Atlanta Hawks,Dallas Mavericks,0.697219807506
Cleveland Cavaliers,Boston Celtics,0.647878685613
Los Angeles Clippers,Houston Rockets,0.72954776219
Miami Heat,Philadelphia 76ers,0.953245001482
Denver Nuggets,Milwaukee Bucks,0.533274767057
Detroit Pistons,New Orleans Pelicans,0.640953378985
Orlando Magic,New York Knicks,0.730848983871
Sacramento Kings,Brooklyn Nets,0.786975666536
San Antonio Spurs,Indiana Pacers,0.793466792673
Toronto Raptors,Washington Wizards,0.779124585415
Utah Jazz,Minnesota Timberwolves,0.713909522304
Golden State Warriors,Chicago Bulls,0.769611316803
Charlotte Hornets,Phoenix Suns,0.780573112634
Oklahoma City Thunder,Portland Trail Blazers,0.606427751408
Cleveland Cavaliers,Atlanta Hawks,0.68254742432
Dallas Mavericks,Memphis Grizzlies,0.736930325769
Boston Celtics,Los Angeles Lakers,0.783244164302
Los Angeles Clippers,Milwaukee Bucks,0.756523827459
San Antonio Spurs,New Orleans Pelicans,0.887550812711
Miami Heat,Orlando Magic,0.601113558452
New York Knicks,Philadelphia 76ers,0.645091165814
Oklahoma City Thunder,Phoenix Suns,0.885845443345
Utah Jazz,Brooklyn Nets,0.879935668241
Toronto Raptors,Washington Wizards,0.622312603641
Chicago Bulls,Los Angeles Clippers,0.519711432005
Charlotte Hornets,Denver Nuggets,0.749024431517
Houston Rockets,Memphis Grizzlies,0.704214561858
Cleveland Cavaliers,Miami Heat,0.621129031061
Toronto Raptors,Milwaukee Bucks,0.793306878925
Detroit Pistons,Philadelphia 76ers,0.85787981988
Portland Trail Blazers,Brooklyn Nets,0.913580756349
San Antonio Spurs,Minnesota Timberwolves,0.892766421141
Atlanta Hawks,Indiana Pacers,0.560215185065
Oklahoma City Thunder,Dallas Mavericks,0.68301979037
New Orleans Pelicans,Los Angeles Lakers,0.502162210402
Golden State Warriors,New York Knicks,0.871273637249
Boston Celtics,Phoenix Suns,0.760804282915
Utah Jazz,Sacramento Kings,0.516964643325
Washington Wizards,Orlando Magic,0.689651322823
Golden State Warriors,Atlanta Hawks,0.7774278107
Charlotte Hornets,Indiana Pacers,0.571162724121
Cleveland Cavaliers,Miami Heat,0.788601508835
Denver Nuggets,Sacramento Kings,0.515857379398
Detroit Pistons,Chicago Bulls,0.679748137162
Los Angeles Clippers,Boston Celtics,0.648579159352
Memphis Grizzlies,Brooklyn Nets,0.805147250204
Orlando Magic,New York Knicks,0.730848983871
Milwaukee Bucks,Philadelphia 76ers,0.733640631902
San Antonio Spurs,Houston Rockets,0.842590596867
Utah Jazz,New Orleans Pelicans,0.797260243912
Dallas Mavericks,Los Angeles Lakers,0.915725469261
Oklahoma City Thunder,Portland Trail Blazers,0.667601003611
Washington Wizards,Phoenix Suns,0.672546536489
Atlanta Hawks,Brooklyn Nets,0.890198811517
Washington Wizards,Denver Nuggets,0.632773111833
Golden State Warriors,Boston Celtics,0.83775601759
Houston Rockets,Utah Jazz,0.619044978563
Indiana Pacers,Detroit Pistons,0.574702799911
Miami Heat,Charlotte Hornets,0.587449446096
Milwaukee Bucks,New York Knicks,0.621926133887
Los Angeles Clippers,Minnesota Timberwolves,0.765224203305
Toronto Raptors,New Orleans Pelicans,0.772406686044
Orlando Magic,Chicago Bulls,0.607308328417
San Antonio Spurs,Sacramento Kings,0.912380446661
Cleveland Cavaliers,Detroit Pistons,0.753186227533
Los Angeles Clippers,Memphis Grizzlies,0.654691818724
San Antonio Spurs,Oklahoma City Thunder,0.568571909206
Phoenix Suns,Los Angeles Lakers,0.75107095126
Portland Trail Blazers,Philadelphia 76ers,0.952987052975
Toronto Raptors,Atlanta Hawks,0.544133567222
Chicago Bulls,Houston Rockets,0.649840357233
Charlotte Hornets,Orlando Magic,0.762318281834
Dallas Mavericks,Brooklyn Nets,0.883170002498
Boston Celtics,Denver Nuggets,0.727405888162
Indiana Pacers,Milwaukee Bucks,0.716251816645
Golden State Warriors,Minnesota Timberwolves,0.92176277015
Washington Wizards,Sacramento Kings,0.53853035013
Charlotte Hornets,New Orleans Pelicans,0.819767273693
Dallas Mavericks,Phoenix Suns,0.864260323153
Detroit Pistons,New York Knicks,0.788438213253
Los Angeles Clippers,Philadelphia 76ers,0.959394686927
Atlanta Hawks,Memphis Grizzlies,0.651767991072
Miami Heat,Toronto Raptors,0.523524004711
Minnesota Timberwolves,Milwaukee Bucks,0.538071062365
Oklahoma City Thunder,Utah Jazz,0.812003192777
Cleveland Cavaliers,Orlando Magic,0.807256494799
Portland Trail Blazers,Washington Wizards,0.710320862924
Sacramento Kings,Denver Nuggets,0.56185685338
Golden State Warriors,San Antonio Spurs,0.536640260128
Boston Celtics,Chicago Bulls,0.778779032654
New York Knicks,Brooklyn Nets,0.522318464889
Cleveland Cavaliers,Houston Rockets,0.730685808803
Indiana Pacers,Miami Heat,0.523054584461
Los Angeles Lakers,Philadelphia 76ers,0.779873802638
Portland Trail Blazers,Phoenix Suns,0.802010398745
Charlotte Hornets,Chicago Bulls,0.759026665172
Denver Nuggets,Los Angeles Lakers,0.78243709931
Memphis Grizzlies,Milwaukee Bucks,0.640164262461
Washington Wizards,Minnesota Timberwolves,0.642044284841
Sacramento Kings,Orlando Magic,0.582948216769
San Antonio Spurs,Atlanta Hawks,0.759709549602
Toronto Raptors,Dallas Mavericks,0.812008002659
Los Angeles Clippers,Utah Jazz,0.516665637817
Oklahoma City Thunder,Brooklyn Nets,0.920762604255
Cleveland Cavaliers,Detroit Pistons,0.821317202359
Golden State Warriors,Philadelphia 76ers,0.985097765057
Portland Trail Blazers,New Orleans Pelicans,0.748867753259
Indiana Pacers,New York Knicks,0.603361789898
Boston Celtics,Minnesota Timberwolves,0.763357580547
Chicago Bulls,Memphis Grizzlies,0.758536309772
Detroit Pistons,Utah Jazz,0.590957022453
Houston Rockets,Los Angeles Lakers,0.90229698098
Charlotte Hornets,Indiana Pacers,0.520517392889
Los Angeles Clippers,Milwaukee Bucks,0.841400133847
Miami Heat,New Orleans Pelicans,0.850861096381
Sacramento Kings,Phoenix Suns,0.528006285406
San Antonio Spurs,Portland Trail Blazers,0.741980601709
Washington Wizards,Dallas Mavericks,0.625207914031
Atlanta Hawks,Memphis Grizzlies,0.750269484344
Cleveland Cavaliers,Utah Jazz,0.855442761137
Los Angeles Clippers,Denver Nuggets,0.757940607011
Golden State Warriors,Orlando Magic,0.928793997051
New York Knicks,Brooklyn Nets,0.807095321317
Oklahoma City Thunder,Toronto Raptors,0.517166172341
Boston Celtics,Brooklyn Nets,0.82647653782
Toronto Raptors,Detroit Pistons,0.628822755745
Milwaukee Bucks,Los Angeles Lakers,0.556949214483
Miami Heat,Minnesota Timberwolves,0.78356451887
Houston Rockets,New Orleans Pelicans,0.615677191244
Dallas Mavericks,Philadelphia 76ers,0.806768666186
Orlando Magic,Phoenix Suns,0.557348965539
Washington Wizards,Chicago Bulls,0.685768177293
Portland Trail Blazers,Atlanta Hawks,0.511904432638
Chicago Bulls,Utah Jazz,0.681943856114
Charlotte Hornets,Washington Wizards,0.662871315706
Houston Rockets,Denver Nuggets,0.646107101892
Golden State Warriors,Milwaukee Bucks,0.936879491355
Cleveland Cavaliers,Los Angeles Clippers,0.585863282135
San Antonio Spurs,Memphis Grizzlies,0.844880677261
Oklahoma City Thunder,Sacramento Kings,0.879119586274
Dallas Mavericks,Brooklyn Nets,0.715235920425
Detroit Pistons,Phoenix Suns,0.827916986007
Cleveland Cavaliers,Los Angeles Lakers,0.904163173127
Miami Heat,Portland Trail Blazers,0.555651885572
Minnesota Timberwolves,New Orleans Pelicans,0.507388339438
Boston Celtics,Philadelphia 76ers,0.887859024675
San Antonio Spurs,Sacramento Kings,0.912380446661
Toronto Raptors,Indiana Pacers,0.704964675216
Boston Celtics,Washington Wizards,0.687257922694
Charlotte Hornets,Atlanta Hawks,0.522917411266
Houston Rockets,Denver Nuggets,0.69041981072
Indiana Pacers,Utah Jazz,0.634996191807
Los Angeles Clippers,New York Knicks,0.889370297324
Golden State Warriors,Oklahoma City Thunder,0.623811505177
Orlando Magic,Philadelphia 76ers,0.888648785535
Detroit Pistons,Brooklyn Nets,0.784078377776
Golden State Warriors,Dallas Mavericks,0.789300625969
Los Angeles Clippers,Los Angeles Lakers,0.809165072054
Miami Heat,Phoenix Suns,0.899553308625
San Antonio Spurs,Minnesota Timberwolves,0.903506818186
New Orleans Pelicans,Memphis Grizzlies,0.513770032808
Portland Trail Blazers,Milwaukee Bucks,0.81986860331
Toronto Raptors,Chicago Bulls,0.84964336004
Boston Celtics,Indiana Pacers,0.598161684255
Chicago Bulls,Detroit Pistons,0.624823590863
Cleveland Cavaliers,Denver Nuggets,0.874482883777
Oklahoma City Thunder,Philadelphia 76ers,0.970366597276
Charlotte Hornets,Orlando Magic,0.64210370397
Sacramento Kings,Milwaukee Bucks,0.613983289628
Utah Jazz,New York Knicks,0.827035240028
Atlanta Hawks,Washington Wizards,0.568371029247
Brooklyn Nets,Phoenix Suns,0.541421280673
Los Angeles Clippers,Dallas Mavericks,0.508926679606
Miami Heat,Toronto Raptors,0.523524004711
Portland Trail Blazers,New York Knicks,0.873371092855
San Antonio Spurs,Memphis Grizzlies,0.900605015014
Boston Celtics,Phoenix Suns,0.888636298319
Chicago Bulls,Philadelphia 76ers,0.942046401064
Cleveland Cavaliers,Charlotte Hornets,0.672814501121
Golden State Warriors,Sacramento Kings,0.93622993049
Houston Rockets,New Orleans Pelicans,0.775147562789
Indiana Pacers,Denver Nuggets,0.704807551604
Minnesota Timberwolves,Los Angeles Lakers,0.613834369922
Atlanta Hawks,Milwaukee Bucks,0.754138437341
Detroit Pistons,Orlando Magic,0.550162195828
Washington Wizards,Brooklyn Nets,0.854506496876
Cleveland Cavaliers,Washington Wizards,0.844408276928
Toronto Raptors,Dallas Mavericks,0.561430700738
Los Angeles Clippers,Utah Jazz,0.757075296375
Portland Trail Blazers,Minnesota Timberwolves,0.78258395166
San Antonio Spurs,New York Knicks,0.941012277532
Atlanta Hawks,Brooklyn Nets,0.890198811517
Boston Celtics,Miami Heat,0.601674318953
Charlotte Hornets,Phoenix Suns,0.877145475654
Denver Nuggets,New Orleans Pelicans,0.573103158176
Golden State Warriors,Memphis Grizzlies,0.927404668477
Oklahoma City Thunder,Houston Rockets,0.717138206053
Indiana Pacers,Philadelphia 76ers,0.929524213663
Los Angeles Clippers,Sacramento Kings,0.839935881963
Portland Trail Blazers,Los Angeles Lakers,0.821491589208
Chicago Bulls,Milwaukee Bucks,0.516291887096
Oklahoma City Thunder,Dallas Mavericks,0.68301979037
Detroit Pistons,New York Knicks,0.548862640112
Sacramento Kings,Memphis Grizzlies,0.577877783596
San Antonio Spurs,Cleveland Cavaliers,0.583804603308
Toronto Raptors,Orlando Magic,0.851938635719
Utah Jazz,New Orleans Pelicans,0.797260243912
Atlanta Hawks,Phoenix Suns,0.872262243997
Brooklyn Nets,Philadelphia 76ers,0.728840032008
Charlotte Hornets,Milwaukee Bucks,0.784929966657
Miami Heat,Detroit Pistons,0.523359077078
Golden State Warriors,Houston Rockets,0.815076626502
Indiana Pacers,Minnesota Timberwolves,0.700779764505
Washington Wizards,Los Angeles Lakers,0.700001347234
Portland Trail Blazers,Denver Nuggets,0.785847083653
Boston Celtics,Milwaukee Bucks,0.803109836353
Los Angeles Clippers,Washington Wizards,0.740807205454
Indiana Pacers,Memphis Grizzlies,0.606340888262
Dallas Mavericks,New Orleans Pelicans,0.55252113392
Miami Heat,New York Knicks,0.59985413952
Oklahoma City Thunder,Orlando Magic,0.796487893785
Atlanta Hawks,Philadelphia 76ers,0.90168332838
Utah Jazz,Sacramento Kings,0.516964643325
Golden State Warriors,San Antonio Spurs,0.536640260128
Toronto Raptors,Charlotte Hornets,0.670685741316
Cleveland Cavaliers,Chicago Bulls,0.672801225222
Detroit Pistons,Brooklyn Nets,0.851016838208
Minnesota Timberwolves,Los Angeles Lakers,0.77553086521
Los Angeles Clippers,Phoenix Suns,0.788684688571
Portland Trail Blazers,Houston Rockets,0.698276470712
Boston Celtics,Orlando Magic,0.781878374052
Charlotte Hornets,Denver Nuggets,0.746351111748
Cleveland Cavaliers,Philadelphia 76ers,0.978196415184
Golden State Warriors,Houston Rockets,0.883000425931
Memphis Grizzlies,Dallas Mavericks,0.539940019769
Miami Heat,New York Knicks,0.874008122045
Detroit Pistons,Milwaukee Bucks,0.668748144085
New Orleans Pelicans,Sacramento Kings,0.548393487947
San Antonio Spurs,Oklahoma City Thunder,0.568571909206
Toronto Raptors,Indiana Pacers,0.704964675216
Utah Jazz,Washington Wizards,0.62962364968
Orlando Magic,Brooklyn Nets,0.653435416653
Chicago Bulls,Atlanta Hawks,0.522932456401
Los Angeles Clippers,Los Angeles Lakers,0.946557520574
Minnesota Timberwolves,Sacramento Kings,0.505833444777
Portland Trail Blazers,Phoenix Suns,0.899030517699
Atlanta Hawks,Brooklyn Nets,0.846560107192
Cleveland Cavaliers,Indiana Pacers,0.786151406816
Golden State Warriors,Washington Wizards,0.888844709936
Memphis Grizzlies,Los Angeles Lakers,0.59358586273
Miami Heat,Denver Nuggets,0.786816942881
Dallas Mavericks,Milwaukee Bucks,0.582704705534
New Orleans Pelicans,Chicago Bulls,0.514454330946
Boston Celtics,New York Knicks,0.614754345371
Oklahoma City Thunder,Charlotte Hornets,0.695773649956
Houston Rockets,Phoenix Suns,0.685154922911
San Antonio Spurs,Utah Jazz,0.860807492351
Toronto Raptors,Philadelphia 76ers,0.966843810127
Cleveland Cavaliers,Orlando Magic,0.89850440726
Golden State Warriors,Minnesota Timberwolves,0.921495346098
Toronto Raptors,Indiana Pacers,0.584526087028
Denver Nuggets,New Orleans Pelicans,0.502567982309
New York Knicks,Chicago Bulls,0.608559595936
Oklahoma City Thunder,Milwaukee Bucks,0.880276482131
Brooklyn Nets,Philadelphia 76ers,0.542514351893
Sacramento Kings,Dallas Mavericks,0.512025449962
San Antonio Spurs,Memphis Grizzlies,0.900605015014
Portland Trail Blazers,Utah Jazz,0.53707659134
Charlotte Hornets,Washington Wizards,0.559740703605
Cleveland Cavaliers,Boston Celtics,0.647878685613
Charlotte Hornets,Miami Heat,0.574743579854
Toronto Raptors,Detroit Pistons,0.628822755745
Houston Rockets,Denver Nuggets,0.69041981072
Los Angeles Clippers,Dallas Mavericks,0.777768085091
Oklahoma City Thunder,Memphis Grizzlies,0.797654885433
Golden State Warriors,Phoenix Suns,0.930991446474
San Antonio Spurs,Los Angeles Lakers,0.972334873215
Atlanta Hawks,Boston Celtics,0.548394599293
Indiana Pacers,Milwaukee Bucks,0.747567911803
Washington Wizards,New York Knicks,0.507492661661
Orlando Magic,Brooklyn Nets,0.806276664026
Chicago Bulls,Philadelphia 76ers,0.761415029196
Portland Trail Blazers,Minnesota Timberwolves,0.78258395166
Cleveland Cavaliers,Atlanta Hawks,0.751572841381
San Antonio Spurs,Dallas Mavericks,0.748566961137
Denver Nuggets,New Orleans Pelicans,0.573103158176
Houston Rockets,Detroit Pistons,0.557950954049
Sacramento Kings,Los Angeles Lakers,0.5596450002
Memphis Grizzlies,New York Knicks,0.729427395248
Oklahoma City Thunder,Phoenix Suns,0.885845443345
Toronto Raptors,Miami Heat,0.707999454478
Utah Jazz,Minnesota Timberwolves,0.713909522304
Chicago Bulls,Brooklyn Nets,0.657518574161
Charlotte Hornets,Boston Celtics,0.559404968015
Golden State Warriors,New Orleans Pelicans,0.948712059329
Indiana Pacers,Orlando Magic,0.604617445646
Milwaukee Bucks,Philadelphia 76ers,0.733640631902
Portland Trail Blazers,Utah Jazz,0.727799334961
San Antonio Spurs,Los Angeles Clippers,0.757345359726
Miami Heat,Washington Wizards,0.516421673133
Cleveland Cavaliers,Atlanta Hawks,0.68254742432
Oklahoma City Thunder,Denver Nuggets,0.866850721043
Minnesota Timberwolves,Los Angeles Lakers,0.613834369922
Detroit Pistons,Memphis Grizzlies,0.551947104004
Toronto Raptors,New York Knicks,0.698153999259
Dallas Mavericks,Phoenix Suns,0.626489690956
Houston Rockets,Sacramento Kings,0.552868263222
Boston Celtics,Brooklyn Nets,0.904525330169
Chicago Bulls,Orlando Magic,0.762329208691
Detroit Pistons,Washington Wizards,0.569884548083
Golden State Warriors,Utah Jazz,0.897111773641
Los Angeles Clippers,Houston Rockets,0.72954776219
Cleveland Cavaliers,Miami Heat,0.621129031061
Charlotte Hornets,Milwaukee Bucks,0.747572845775
Indiana Pacers,Philadelphia 76ers,0.883005765681
San Antonio Spurs,Portland Trail Blazers,0.680402121276
Atlanta Hawks,Charlotte Hornets,0.520556159847
Dallas Mavericks,Denver Nuggets,0.724063504123
New Orleans Pelicans,Los Angeles Lakers,0.502162210402
Oklahoma City Thunder,Minnesota Timberwolves,0.871413171563
Sacramento Kings,Phoenix Suns,0.756784047331
Boston Celtics,Milwaukee Bucks,0.803109836353
Chicago Bulls,Brooklyn Nets,0.894484996194
Cleveland Cavaliers,Toronto Raptors,0.707412636658
Golden State Warriors,Los Angeles Lakers,0.980218956257
Houston Rockets,Minnesota Timberwolves,0.6862830903
Atlanta Hawks,Indiana Pacers,0.529269988044
Los Angeles Clippers,Sacramento Kings,0.839935881963
Memphis Grizzlies,Dallas Mavericks,0.539940019769
Miami Heat,Washington Wizards,0.711507198413
New York Knicks,Philadelphia 76ers,0.889167195994
Oklahoma City Thunder,Denver Nuggets,0.855655539181
Detroit Pistons,Orlando Magic,0.550162195828
Portland Trail Blazers,New Orleans Pelicans,0.850127101927
San Antonio Spurs,Utah Jazz,0.754352224079
